-- MySQL Script generated by MySQL Workbench
-- Fri Feb  2 14:37:28 2018
-- Model: New Model    Version: 1.0
-- MySQL Workbench Forward Engineering

SET @OLD_UNIQUE_CHECKS=@@UNIQUE_CHECKS, UNIQUE_CHECKS=0;
SET @OLD_FOREIGN_KEY_CHECKS=@@FOREIGN_KEY_CHECKS, FOREIGN_KEY_CHECKS=0;
SET @OLD_SQL_MODE=@@SQL_MODE, SQL_MODE='TRADITIONAL,ALLOW_INVALID_DATES';

-- -----------------------------------------------------
-- Schema movie_db
-- -----------------------------------------------------
DROP SCHEMA IF EXISTS `movie_db` ;

-- -----------------------------------------------------
-- Schema movie_db
-- -----------------------------------------------------
CREATE SCHEMA IF NOT EXISTS `movie_db` DEFAULT CHARACTER SET utf8 ;
USE `movie_db` ;

-- -----------------------------------------------------
-- Table `movie_db`.`publications`
-- -----------------------------------------------------
CREATE TABLE IF NOT EXISTS `movie_db`.`publications` (
  `name` VARCHAR(255) NOT NULL,
  `avatar` VARCHAR(250) NULL,
  PRIMARY KEY (`name`))
ENGINE = InnoDB;
INSERT INTO `publications` VALUES ('The Daily Reviewer', 'glyphicon-eye-open'),
('International Movie Critic', 'glyphicon-fire'),
('MoviesNow', 'glyphicon-time'),
('MyNextReview', 'glyphicon-record'),
('Movies n\' Games', 'glyphicon-heart-empty'),
('TheOne', 'glyphicon-globe'),
('ComicBookHero.com', 'glyphicon-flash');



-- -----------------------------------------------------
-- Table `movie_db`.`reviewers`
-- -----------------------------------------------------
CREATE TABLE IF NOT EXISTS `movie_db`.`reviewers` (
  `name` VARCHAR(255) NOT NULL,
  `publication` VARCHAR(250) NULL,
  `avatar` VARCHAR(250) NULL,
  PRIMARY KEY (`name`),
  CONSTRAINT `publication`
    FOREIGN KEY (`publication`)
    REFERENCES `movie_db`.`publications` (`name`)
    ON DELETE NO ACTION
    ON UPDATE NO ACTION)
ENGINE = InnoDB;
INSERT INTO `reviewers` VALUES ('Robert Smith', 'The Daily Reviewer', 'https://s3.amazonaws.com/uifaces/faces/twitter/angelcolberg/128.jpg'),
('Chris Harris', 'International Movie Critic', 'https://s3.amazonaws.com/uifaces/faces/twitter/bungiwan/128.jpg'),
('Janet Garcia', 'MoviesNow', 'https://s3.amazonaws.com/uifaces/faces/twitter/grrr_nl/128.jpg'),
('Andrew West', 'MyNextReview', 'https://s3.amazonaws.com/uifaces/faces/twitter/d00maz/128.jpg'),
('Mindy Lee', 'Movies n\' Games', 'https://s3.amazonaws.com/uifaces/faces/twitter/laurengray/128.jpg'),
('Martin Thomas', 'TheOne', 'https://s3.amazonaws.com/uifaces/faces/twitter/karsh/128.jpg'),
('Anthony Miller', 'ComicBookHero.com', 'https://s3.amazonaws.com/uifaces/faces/twitter/9lessons/128.jpg');

CREATE INDEX `publication_idx` ON `movie_db`.`reviewers` (`publication` ASC);


-- -----------------------------------------------------
-- Table `movie_db`.`movies`
-- -----------------------------------------------------
CREATE TABLE IF NOT EXISTS `movie_db`.`movies` (
  `title` VARCHAR(255) NOT NULL,
  `release` VARCHAR(250) NULL,
  `score` INT NULL,
  `reviewer` VARCHAR(250) NULL,
  `publication` VARCHAR(250) NULL,
  PRIMARY KEY (`title`),
  CONSTRAINT `reviewer`
    FOREIGN KEY (`reviewer`)
    REFERENCES `movie_db`.`reviewers` (`name`)
    ON DELETE NO ACTION
    ON UPDATE NO ACTION)
ENGINE = InnoDB;
INSERT INTO `movies` VALUES ('Suicide Squad', '2016', 8, 'Robert Smith','The Daily Reviewer'),
('Batman vs. Superman', '2016', 6, 'Chris Harris', 'International Movie Critic'),
('Captain America: Civil War', '2016', 9, 'Janet Garcia', 'MoviesNow'),
('Deadpool', '2016', 9, 'Andrew West', 'MyNextReview'),
('Avengers: Age of Ultron', '2015', 7, 'Mindy Lee', 'Movies n\' Games'),
('Ant-Man', '2015', 8, 'Martin Thomas', 'TheOne'),
('Guardians of the Galaxy', '2014', 10, 'Anthony Miller', 'ComicBookHero.com');

CREATE INDEX `reviewer_idx` ON `movie_db`.`movies` (`reviewer` ASC);


SET SQL_MODE=@OLD_SQL_MODE;
SET FOREIGN_KEY_CHECKS=@OLD_FOREIGN_KEY_CHECKS;
SET UNIQUE_CHECKS=@OLD_UNIQUE_CHECKS;

GRANT ALL PRIVILEGES ON movie_db.* TO root IDENTIFIED BY 'DBUser' ;
